model,bench mark,parameters,sim_total_insn,sim_total_refs,sim_num_insn,sim_num_refs,sim_total_branches,sim_cycle,sim_CPI,pred_miss_rate,il1.miss_rate,dl1.miss_rate,ul2.miss_rate,mem.page_mem
sim-outorder,perl.ss,-bpred:2lev 1 512 4 0,74377990,34179430,65131308,30894003,15313379,62870864,0.9653,0.04532705529654688,0.0652,0.0027,0.0006,660k
sim-outorder,compress95.ss,-bpred:2lev 1 512 4 0,474671055,159042187,401587604,136350732,91091006,267516548,0.6661,0.07625147930025841,0.0000,0.0779,0.1483,1096k
sim-outorder,swim.ss,-bpred:2lev 1 512 4 0,737369637,239937614,736511341,239681951,12869672,608022781,0.8255,0.010199225862291656,0.0003,0.2564,0.0769,3868k
