model,bench mark,parameters,sim_total_insn,sim_total_refs,sim_num_insn,sim_num_refs,sim_total_branches,sim_cycle,sim_CPI,pred_miss_rate,il1.miss_rate,dl1.miss_rate,ul2.miss_rate,mem.page_mem
sim-outorder,perl.ss,-mem:lat 20 4,74378896,34179436,65131308,30894003,15313380,62916283,0.9660,0.045327046752309794,0.0652,0.0027,0.0006,660k
sim-outorder,compress95.ss,-mem:lat 20 4,474668372,159041937,401587604,136350732,91090006,284563517,0.7086,0.0762520455471752,0.0000,0.0779,0.1483,1096k
sim-outorder,swim.ss,-mem:lat 20 4,737370398,239937615,736511341,239681951,12869667,671893808,0.9123,0.010199226654434637,0.0003,0.2564,0.0769,3868k
